maxMupPrimaryCareScore,nursingMaxHpsaScoreMh,maxMuaPrimaryCareScore,nhscMaxHpsaScoreMh,specialtyTwo,semesterEndYear,sitePostalCode,siteLatitude,semesterSeason,siteProgramAbbreviatedList,siteAddressLine2,nhscMaxHpsaScorePc,siteCity,disciplineTwo,workSchedule,siteId,psMaxHpsaScoreMh,siteLongitude,camhpsActive,nhscMaxHpsaScoreDh,psMaxHpsaScorePc,siteStateAbbreviation,siteStateName,nhscActive,nursingMaxHpsaScorePc,siteTagList,siteOpportunityId,maxMctaHpsaScore,siteName,discipline,psMaxHpsaScoreDh,sitePhoneNumber,starActive,starMaxHpsaScoreMh,esrExternalIdentifier,siteAddressLine1,trainingSite,disciplineSpecialty,recordKey,disciplineOne,nursingActive,specialtyOne,opportunityType
56.0000,18,NA,18,,0,32208,30.397616,,,,21,Jacksonville,,"{'fullTime': True, 'partTime': False}",901F25C0-AA87-44BB-A5BF-51649B956C4A,18,-81.684786,True,NA,21,FL,,True,21,['SITE_PROFILE_COMPLETED'],407CD28B-F7D1-4FAD-924C-BD8314E2CA34,21,"Angel Kids Pediatrics, PA - Northside","['Physician, MD/DO']",19,,True,18,,2040 Riverview St,False,"['Physician, MD/DO - General Practice', 'Physician, MD/DO - Pediatrics']",407CD28B-F7D1-4FAD-924C-BD8314E2CA34,"Physician, MD/DO",True,General Practice,Job
NA,18,NA,18,,0,32221,30.291018,,,,19,Jacksonville,,"{'fullTime': True, 'partTime': False}",F7BA2A65-10C5-4C98-B936-DBF63FC1697A,18,-81.785788,True,NA,19,FL,,True,19,['SITE_PROFILE_COMPLETED'],385D5EDA-047F-4508-97F0-EB8CD42EBC93,18,"Angel Kids Pediatrics, PA - Normandy","['Physician, MD/DO']",19,,True,18,,8225 Normandy Blvd,False,"['Physician, MD/DO - General Practice', 'Physician, MD/DO - Pediatrics']",385D5EDA-047F-4508-97F0-EB8CD42EBC93,"Physician, MD/DO",True,General Practice,Job
NA,18,NA,18,,0,32216,30.289905,,,,20,Jacksonville,,"{'fullTime': True, 'partTime': False}",5955CF48-722A-48EB-B721-FF5E75FF912B,18,-81.589762,True,NA,20,FL,,True,20,['SITE_PROFILE_COMPLETED'],79BB12FD-7AD7-4814-BF3B-677072DADC8A,18,"Angel Kids Pediatrics, PA - Beach Blvd.","['Physician, MD/DO']",17,,True,18,,6801 Beach Blvd,False,"['Physician, MD/DO - General Practice', 'Physician, MD/DO - Pediatrics']",79BB12FD-7AD7-4814-BF3B-677072DADC8A,"Physician, MD/DO",True,General Practice,Job
NA,18,NA,18,,0,32246,30.304011,,,,20,Jacksonville,,"{'fullTime': True, 'partTime': False}",157FD462-C6C6-4EFC-87BB-D30A8E04D338,18,-81.525839,True,NA,20,FL,,True,20,['SITE_PROFILE_COMPLETED'],D5CF8E9B-FF70-45F5-B75B-53D6B56D25D3,17,Angel Kids Pediatrics PA - St. John's Bluff,"['Physician, MD/DO']",17,,True,18,,2511 Saint Johns Bluff Rd S,False,"['Physician, MD/DO - General Practice', 'Physician, MD/DO - Pediatrics']",D5CF8E9B-FF70-45F5-B75B-53D6B56D25D3,"Physician, MD/DO",True,General Practice,Job
NA,22,NA,22,,0,10013,40.718772,,,,9,New York,,"{'fullTime': False, 'partTime': True}",2B1E2F51-4A75-4A0B-882A-7EBA953AEE51,22,-74.001284,True,23,9,NY,,True,9,['SITE_PROFILE_COMPLETED'],F625189C-A68B-47B0-A44B-911A2731520D,15,Charles B. Wang Community Health Center - Canal Street Manhattan Site,"['Physician, MD/DO']",23,,True,22,,268 Canal St,False,"['Physician, MD/DO - OB/GYN']",F625189C-A68B-47B0-A44B-911A2731520D,"Physician, MD/DO",True,OB/GYN,Job
NA,22,NA,22,,0,11354,40.756744,,,,9,Flushing,,"{'fullTime': False, 'partTime': True}",B6418D63-189C-4F6B-B8CB-E0148C664F46,22,-73.83453,True,23,9,NY,,True,9,['SITE_PROFILE_COMPLETED'],8351BC11-9833-43E2-9CEE-9E60EBC4FC39,15,"Charles B. Wang Community Health Center, Inc. - Healthview","['Physician, MD/DO']",23,,False,22,,131-72 40th Rd,False,"['Physician, MD/DO - OB/GYN']",8351BC11-9833-43E2-9CEE-9E60EBC4FC39,"Physician, MD/DO",True,OB/GYN,Job
NA,22,NA,22,,0,10013,40.718772,,,,9,New York,,"{'fullTime': True, 'partTime': True}",2B1E2F51-4A75-4A0B-882A-7EBA953AEE51,22,-74.001284,True,23,9,NY,,True,9,['SITE_PROFILE_COMPLETED'],C8B6FC59-8A2F-44D8-A424-A46071CEDB10,15,Charles B. Wang Community Health Center - Canal Street Manhattan Site,"['Physician, MD/DO']",23,,True,22,,268 Canal St,False,"['Physician, MD/DO - Psychiatry']",C8B6FC59-8A2F-44D8-A424-A46071CEDB10,"Physician, MD/DO",True,Psychiatry,Job
NA,22,NA,22,,0,11354,40.761676,,,,9,Flushing,,"{'fullTime': True, 'partTime': True}",5F51EF67-F952-4E1C-B631-946478077C15,22,-73.830105,True,NA,9,NY,,True,9,['SITE_PROFILE_COMPLETED'],EBD1B065-DE9F-45FD-8BA6-1A73FA07A03C,15,Charles B. Wang Community Health Center - 37th Avenue Flushing Queens Site,"['Physician, MD/DO']",23,,False,22,,13626 37th Ave,False,"['Physician, MD/DO - Psychiatry']",EBD1B065-DE9F-45FD-8BA6-1A73FA07A03C,"Physician, MD/DO",True,Psychiatry,Job
NA,22,NA,22,,0,11354,40.756744,,,,9,Flushing,,"{'fullTime': True, 'partTime': True}",B6418D63-189C-4F6B-B8CB-E0148C664F46,22,-73.83453,True,23,9,NY,,True,9,['SITE_PROFILE_COMPLETED'],49322202-5375-42FC-A184-F7BDAAA360D9,15,"Charles B. Wang Community Health Center, Inc. - Healthview","['Physician, MD/DO']",23,,False,22,,131-72 40th Rd,False,"['Physician, MD/DO - Psychiatry']",49322202-5375-42FC-A184-F7BDAAA360D9,"Physician, MD/DO",True,Psychiatry,Job
NA,23,60.0000,NA,,0,89110,36.17547863,,,,20,Las Vegas,,"{'fullTime': True, 'partTime': False}",E88FFDFA-A1A4-4EC6-A502-5ED886FA5AAC,23,-115.06223126,False,NA,20,NV,Nevada,False,20,['SITE_PROFILE_COMPLETED'],A044B16B-31FA-4CC3-BEFD-D819D3EE026B,18,Nellis Family Health and Dental Center,"['Physician, MD/DO']",26,8007872568,False,23,,691 N Nellis Blvd,False,"['Physician, MD/DO - Family Practice']",A044B16B-31FA-4CC3-BEFD-D819D3EE026B,"Physician, MD/DO",True,Family Practice,Job
53.0000,23,NA,23,,0,21613,38.56849179,,,,20,Cambridge,,"{'fullTime': True, 'partTime': False}",8AE24900-306D-4C5F-9984-EAEB72A209B6,23,-76.07889805,True,24,20,MD,,True,20,['SITE_PROFILE_COMPLETED'],1231B423-E02B-49AD-A597-24779062E975,19,Choptank Community Health System - Fassett Magee Medical and Cambridge Dental Health Center,"['Physician, MD/DO']",24,,True,23,,503 Muir St,False,"['Physician, MD/DO - Family Practice']",1231B423-E02B-49AD-A597-24779062E975,"Physician, MD/DO",True,Family Practice,Job
NA,23,NA,23,,0,85349,32.493883,,,,18,San Luis,,"{'fullTime': True, 'partTime': False}",0583CB5D-9A08-45EB-8373-1C8DC2EC155E,23,-114.780506,True,25,18,AZ,Arizona,True,18,['SITE_PROFILE_COMPLETED'],63D7EBF4-4E1A-42D0-8B87-8DACB00B8AD3,21,Sunset CHC - San Luis Medical Clinic,"['Physician, MD/DO']",25,9288198807,True,23,,815 East Cesar Chavez Boulevard,False,"['Physician, MD/DO - General Practice', 'Physician, MD/DO - Pediatrics', 'Physician, MD/DO - Family Practice', 'Physician, MD/DO - Internal Medicine']",63D7EBF4-4E1A-42D0-8B87-8DACB00B8AD3,"Physician, MD/DO",True,General Practice,Job
NA,19,60.0000,19,,0,68701,42.030344,,,,13,Norfolk,,"{'fullTime': True, 'partTime': True}",45B417CE-AD48-4125-984A-5F54863EC946,19,-97.41076,True,20,13,NE,,True,13,['SITE_PROFILE_COMPLETED'],E6E07443-05EC-42C2-8F97-854C6D5A6961,14,"Midtown Health Center, Inc.","['Physician, MD/DO']",20,,True,19,,302 W Phillip Ave,False,"['Physician, MD/DO - Pediatrics']",E6E07443-05EC-42C2-8F97-854C6D5A6961,"Physician, MD/DO",True,Pediatrics,Job
NA,19,60.0000,19,,0,68701,42.030344,,,,13,Norfolk,,"{'fullTime': True, 'partTime': True}",45B417CE-AD48-4125-984A-5F54863EC946,19,-97.41076,True,20,13,NE,,True,13,['SITE_PROFILE_COMPLETED'],B6817916-6388-4DC6-898E-1CEF347376A6,14,"Midtown Health Center, Inc.","['Physician, MD/DO']",20,,True,19,,302 W Phillip Ave,False,"['Physician, MD/DO']",B6817916-6388-4DC6-898E-1CEF347376A6,"Physician, MD/DO",True,,Job
NA,21,NA,21,,0,85658,32.426137,,,,17,Marana,,"{'fullTime': True, 'partTime': False}",FEFD208A-8327-4AFA-9219-6B849A762DDC,21,-111.075212,True,NA,17,AZ,Arizona,True,17,['SITE_PROFILE_COMPLETED'],7072370A-A3B8-4564-A464-6CF28DA5F71D,19,Marana Health - Dove Mountain Health Center & MHC Urgent Care,"['Physician, MD/DO']",25,,True,21,,N Mountain Centre Rd,False,"['Physician, MD/DO - Internal Medicine']",7072370A-A3B8-4564-A464-6CF28DA5F71D,"Physician, MD/DO",True,Internal Medicine,Job
60.0000,17,NA,17,,0,25276,38.797209,,,,20,Spencer,,"{'fullTime': True, 'partTime': False}",8D6593E3-0286-493C-862C-032173874A3D,17,-81.351878,True,19,20,WV,West Virginia,True,20,['SITE_PROFILE_COMPLETED'],F15B7D47-91CA-42CD-9005-41EC8C411CB9,21,Roane County Family Health Care,"['Physician, MD/DO']",19,,True,17,,146 Williams Dr,False,"['Physician, MD/DO - Family Practice']",F15B7D47-91CA-42CD-9005-41EC8C411CB9,"Physician, MD/DO",True,Family Practice,Job
NA,20,58.0000,20,,0,65806,37.213739,,,,21,Springfield,,"{'fullTime': True, 'partTime': False}",5D366450-DEB6-41ED-B652-AFBCE58E8920,20,-93.287908,True,25,21,MO,,True,21,['SITE_PROFILE_COMPLETED'],E468D132-C857-470B-976D-000BFEAC3157,18,Jordan Valley Community Health Center - Tampa,"['Physician, MD/DO']",25,,True,20,,440 E Tampa St,False,"['Physician, MD/DO - Psychiatry']",E468D132-C857-470B-976D-000BFEAC3157,"Physician, MD/DO",True,Psychiatry,Job
NA,21,52.0000,NA,,0,30040,34.213264,,,,21,Cumming,,"{'fullTime': True, 'partTime': False}",55D858C5-58AA-4A45-85B9-3885061E6367,21,-84.137227,True,NA,21,GA,,True,21,['SITE_PROFILE_COMPLETED'],6EFEDC0B-478E-4692-ADE3-CF1EBA34A02F,16,"Georgia Highlands Medical Services, Inc.","['Physician, MD/DO']",25,,True,21,,260 Elm St,False,"['Physician, MD/DO - Family Practice']",6EFEDC0B-478E-4692-ADE3-CF1EBA34A02F,"Physician, MD/DO",True,Family Practice,Job
NA,21,53.0000,21,,0,30120,34.158661,,,,21,Cartersville,,"{'fullTime': True, 'partTime': False}",E311BBA5-0162-4066-92F1-64C52B9520A4,21,-84.814233,True,NA,21,GA,Georgia,True,21,['SITE_PROFILE_COMPLETED'],FEFD6A77-3092-4565-A9EF-3AC1A7B4D79B,16,GHMS Bartow Family Health Center,"['Physician, MD/DO']",25,7708871668,True,21,,775 West Ave STE A,False,"['Physician, MD/DO - Family Practice']",FEFD6A77-3092-4565-A9EF-3AC1A7B4D79B,"Physician, MD/DO",True,Family Practice,Job
NA,21,NA,21,,0,30114,34.246523,,,,21,Canton,,"{'fullTime': True, 'partTime': False}",D8AF4FD1-4D8B-4ED7-AA9F-9E276B0FEF7A,21,-84.488949,True,NA,21,GA,,True,21,['SITE_PROFILE_COMPLETED'],1B4314B6-578B-42BE-8E93-5CB543E76F3C,16,Canton Family Health Center - Georgia Highlands Medical Services,"['Physician, MD/DO']",25,6788071050,True,21,,220 Oakside Ln,False,"['Physician, MD/DO - Family Practice']",1B4314B6-578B-42BE-8E93-5CB543E76F3C,"Physician, MD/DO",True,Family Practice,Job
NA,23,61.0000,23,,0,31701,31.606732,,,,24,Albany,,"{'fullTime': True, 'partTime': False}",ACC9A51A-7C8B-4125-BD40-94AD581841E1,23,-84.172253,True,NA,24,GA,Georgia,True,24,['SITE_PROFILE_COMPLETED'],1AEAF9C0-EBD3-4D9E-8F13-757047D7D78E,21,"Albany Area Primary Health Care, Inc.-Mirian Worthy Women's Health Center","['Physician, MD/DO']",25,2294056259,True,23,,2100 Palmyra Rd,False,"['Physician, MD/DO - OB/GYN']",1AEAF9C0-EBD3-4D9E-8F13-757047D7D78E,"Physician, MD/DO",True,OB/GYN,Job
NA,23,61.0000,NA,,0,31701,31.605351,,,,24,Albany,,"{'fullTime': True, 'partTime': False}",64A041DE-43A9-4706-A91C-A1E704215A61,23,-84.167174,True,NA,24,GA,Georgia,True,24,['SITE_PROFILE_COMPLETED'],CCEEF1FB-6204-4CE9-AA21-B1367FAA18AE,21,"Albany Area Primary Health Care, Inc. - Elois Edge Women's Health Center","['Physician, MD/DO']",25,2295012048,False,23,,1912 Arlington Ln,False,"['Physician, MD/DO - OB/GYN']",CCEEF1FB-6204-4CE9-AA21-B1367FAA18AE,"Physician, MD/DO",True,OB/GYN,Job
NA,20,58.0000,20,,0,23310,37.342944,,,,18,Cape Charles,,"{'fullTime': True, 'partTime': False}",41AB4EDF-A308-4F9C-B0D1-3BF06F7D2645,20,-75.942178,True,21,18,VA,,True,18,['SITE_PROFILE_COMPLETED'],F400870D-D116-4CFA-B544-62F56BBDA309,22,ESRH - Eastville Community Health Center,"['Physician, MD/DO']",21,,True,20,,17068 Lankford Hwy,False,"['Physician, MD/DO - Family Practice']",F400870D-D116-4CFA-B544-62F56BBDA309,"Physician, MD/DO",True,Family Practice,Job
NA,20,50.0000,20,,0,23336,37.93375465,,,,18,Chincoteague Island,,"{'fullTime': True, 'partTime': False}",146EFED4-0F90-4368-9E6B-53C1AA12F8B7,20,-75.37789459,True,21,18,VA,Virginia,True,18,['SITE_PROFILE_COMPLETED'],9DE0D4D6-8B6F-4B63-BD27-3236A35DF888,22,ESRH - Chincoteague Island Community Health Center,"['Physician, MD/DO']",21,7573363682,True,20,,4049 Main St,False,"['Physician, MD/DO - Family Practice']",9DE0D4D6-8B6F-4B63-BD27-3236A35DF888,"Physician, MD/DO",True,Family Practice,Job
NA,20,50.0000,20,,0,23417,37.689073107992,,,,18,Onancock,,"{'fullTime': True, 'partTime': False}",C5079B73-B14E-430E-BAD7-88C827FD41FE,20,-75.726039705671,True,21,18,VA,,True,18,"['NHSC_FORHP_RCORP_SITE', 'SITE_PROFILE_COMPLETED']",E73768FD-265B-4510-9D6A-0F7D8FC675C1,22,ESRH - Onley Community Health Center,"['Physician, MD/DO']",21,7574140400,True,20,,20306 Badger Ln,False,"['Physician, MD/DO - Family Practice']",E73768FD-265B-4510-9D6A-0F7D8FC675C1,"Physician, MD/DO",True,Family Practice,Job
NA,20,50.0000,20,,0,23415,37.965441,,,,18,New Church,,"{'fullTime': True, 'partTime': False}",1D33AB0D-05DF-48F1-AC2B-A130448EBC61,20,-75.532518,True,21,18,VA,,True,18,['SITE_PROFILE_COMPLETED'],40E16867-4D21-41F3-B5F6-069B7D61CFC8,22,ESRH - Atlantic Community Health Center,"['Physician, MD/DO']",21,,True,20,,5219 Lankford Hwy,False,"['Physician, MD/DO - Family Practice']",40E16867-4D21-41F3-B5F6-069B7D61CFC8,"Physician, MD/DO",True,Family Practice,Job
NA,22,55.0000,22,,0,62822,37.979442,,,,21,Christopher,,"{'fullTime': True, 'partTime': False}",91428ECB-DD51-487E-B644-00F194FF3058,22,-89.044435,True,23,21,IL,Illinois,True,21,['SITE_PROFILE_COMPLETED'],4055EAD6-9461-46E6-B471-0A2699868D07,17,Christopher (Greater Area) Rural Health Planning Corporation (CRHPC),"['Physician, MD/DO']",23,6187242401,True,22,,4241 State Highway 14,False,"['Physician, MD/DO - OB/GYN']",4055EAD6-9461-46E6-B471-0A2699868D07,"Physician, MD/DO",True,OB/GYN,Job
NA,20,60,20,,0,75215,32.77042,,,,21,Dallas,,"{'fullTime': False, 'partTime': True}",81FF2A7C-C755-4654-9DDB-255CF6F1E73F,20,-96.766878,True,25,21,TX,,True,21,['SITE_PROFILE_COMPLETED'],E2652DCF-9601-407C-8A44-9D574FCFB30C,19,"Foremost Family Health Center - Martin Luther King, Jr.","['Physician, MD/DO']",25,,False,20,,2922B Martin Luther King Jr Blvd,False,"['Physician, MD/DO - General Practice', 'Physician, MD/DO - Family Practice']",E2652DCF-9601-407C-8A44-9D574FCFB30C,"Physician, MD/DO",True,General Practice,Job
NA,20,NA,20,,0,75180,32.721107,,,,21,Balch Springs,,"{'fullTime': False, 'partTime': True}",95A86559-6CF2-4381-B5AB-E5785BE0654F,20,-96.614097,True,25,21,TX,Texas,True,21,['SITE_PROFILE_COMPLETED'],2266D88F-E01C-40D1-BC32-4F6EDDD134D9,19,Foremost Family Health Center - Balch Springs,"['Physician, MD/DO']",25,,False,20,,3515 Shepherd Ln,False,"['Physician, MD/DO - General Practice', 'Physician, MD/DO - Family Practice']",2266D88F-E01C-40D1-BC32-4F6EDDD134D9,"Physician, MD/DO",True,General Practice,Job
NA,23,34,23,,0,27870,36.430796,,,,22,Roanoke Rapids,,"{'fullTime': True, 'partTime': False}",59E2A2BE-B145-4B85-8141-AB25AB6D556A,23,-77.641846,True,NA,22,NC,,True,22,['SITE_PROFILE_COMPLETED'],1A9203BD-C63D-45FF-98B7-5E3548A42F9F,22,Rural Health Group Family and Women’s Health,"['Physician, MD/DO']",25,,True,23,,1381 Medical Center Dr,False,"['Physician, MD/DO - OB/GYN']",1A9203BD-C63D-45FF-98B7-5E3548A42F9F,"Physician, MD/DO",True,OB/GYN,Job
NA,23,30.0000,23,,0,27563,36.444996,,,,22,Norlina,,"{'fullTime': True, 'partTime': False}",CADCCC86-0741-4E94-8E54-2B03D045EF8F,23,-78.192887,True,NA,22,NC,,True,22,['SITE_PROFILE_COMPLETED'],02D9C4C5-4BAC-4D47-9EF2-4172B5B875EC,22,Rural Health Group at Norlina,"['Physician, MD/DO']",25,,True,23,,110 Division St,False,"['Physician, MD/DO - Internal Medicine - Pediatrics', 'Physician, MD/DO - Family Practice', 'Physician, MD/DO - Internal Medicine']",02D9C4C5-4BAC-4D47-9EF2-4172B5B875EC,"Physician, MD/DO",True,Internal Medicine - Pediatrics,Job
NA,23,34.0000,23,,0,27870,36.432661,,,,22,Roanoke Rapids,,"{'fullTime': True, 'partTime': False}",C90FCA53-A554-42F5-A1ED-427A7F36FEB7,23,-77.651356,True,NA,22,NC,,True,22,['SITE_PROFILE_COMPLETED'],7B28D732-9F22-4A70-93AB-163DF9B1C65F,22,Rural Health Group at Halifax Medical Specialist,"['Physician, MD/DO']",25,,True,23,,270 Smith Church Rd,False,"['Physician, MD/DO - Internal Medicine - Pediatrics', 'Physician, MD/DO - Family Practice', 'Physician, MD/DO - Internal Medicine']",7B28D732-9F22-4A70-93AB-163DF9B1C65F,"Physician, MD/DO",True,Internal Medicine - Pediatrics,Job
NA,23,34.0000,23,,0,27870,36.431979,,,,22,Roanoke Rapids,,"{'fullTime': True, 'partTime': False}",F9DB41D1-BA0B-4191-9E3E-73E8D151DD64,23,-77.646319,True,NA,22,NC,,True,22,['SITE_PROFILE_COMPLETED'],1396F904-4A24-4F3C-A7BA-8A4722CE32D4,22,Rural Health Group at HRMC,"['Physician, MD/DO']",25,,True,23,,250 Smith Church Rd,False,"['Physician, MD/DO - Internal Medicine - Pediatrics', 'Physician, MD/DO - Family Practice', 'Physician, MD/DO - Internal Medicine']",1396F904-4A24-4F3C-A7BA-8A4722CE32D4,"Physician, MD/DO",True,Internal Medicine - Pediatrics,Job
NA,23,37.0000,23,,0,27869,36.272714,,,,22,Rich Square,,"{'fullTime': True, 'partTime': False}",113D1B6F-4F1C-4A68-9D57-3C8008C21CC3,23,-77.285187,True,NA,22,NC,,True,22,['SITE_PROFILE_COMPLETED'],802A2F2F-5814-4300-A86E-16AEF7202672,22,Rural Health Group at Rich Square,"['Physician, MD/DO']",25,,True,23,,200 S Main St,False,"['Physician, MD/DO - Internal Medicine - Pediatrics', 'Physician, MD/DO - Family Practice', 'Physician, MD/DO - Internal Medicine']",802A2F2F-5814-4300-A86E-16AEF7202672,"Physician, MD/DO",True,Internal Medicine - Pediatrics,Job
NA,23,34.0000,23,,0,27823,36.17961,,,,22,Enfield,,"{'fullTime': True, 'partTime': False}",25677C2A-C416-47FB-9ACA-DAAFD41EDA20,23,-77.666051,True,NA,22,NC,,True,22,['SITE_PROFILE_COMPLETED'],C2D188FE-EA07-47C9-A4DD-D154DD3A6049,22,Rural Health Group at Enfield,"['Physician, MD/DO']",25,,True,23,,114 Market St,False,"['Physician, MD/DO - Internal Medicine - Pediatrics', 'Physician, MD/DO - Family Practice', 'Physician, MD/DO - Internal Medicine']",C2D188FE-EA07-47C9-A4DD-D154DD3A6049,"Physician, MD/DO",True,Internal Medicine - Pediatrics,Job
NA,23,34.0000,23,,0,27850,36.433676,,,,22,Littleton,,"{'fullTime': True, 'partTime': False}",9B452E9C-1E26-4EC3-9EA6-C2900CAE896B,23,-77.91213,True,NA,22,NC,,True,22,['SITE_PROFILE_COMPLETED'],56834FDB-ABB4-4411-A359-8C716D3F8201,22,Rural Health Group at Lake Gaston,"['Physician, MD/DO']",25,,True,23,,108 Mosby Ave,False,"['Physician, MD/DO - Internal Medicine - Pediatrics', 'Physician, MD/DO - Family Practice', 'Physician, MD/DO - Internal Medicine']",56834FDB-ABB4-4411-A359-8C716D3F8201,"Physician, MD/DO",True,Internal Medicine - Pediatrics,Job
NA,23,34.0000,23,,0,27844,36.248854,,,,22,Hollister,,"{'fullTime': True, 'partTime': False}",5E022B52-F424-4A05-9CB1-5695B471F3E1,23,-77.959096,True,NA,22,NC,,True,22,['SITE_PROFILE_COMPLETED'],E09EBC2A-BDB1-46DE-A980-0665DF65A1A7,22,Rural Health Group at Twin County,"['Physician, MD/DO']",25,,True,23,,204 Evans Rd,False,"['Physician, MD/DO - Internal Medicine - Pediatrics', 'Physician, MD/DO - Family Practice', 'Physician, MD/DO - Internal Medicine']",E09EBC2A-BDB1-46DE-A980-0665DF65A1A7,"Physician, MD/DO",True,Internal Medicine - Pediatrics,Job
NA,10,NA,10,,0,19130,39.967054,,,,15,Philadelphia,,"{'fullTime': True, 'partTime': True}",539446A0-BB95-42CB-A975-3B9BBE71B453,10,-75.161407,True,23,15,PA,Pennsylvania,True,15,['SITE_PROFILE_COMPLETED'],65662343-F182-4F01-909E-F3F7D565942C,16,Delaware Valley Community Health - Fairmount Primary Care Center,"['Physician, MD/DO']",23,2152359600,True,10,,1412 Fairmount Ave,False,"['Physician, MD/DO - Family Practice']",65662343-F182-4F01-909E-F3F7D565942C,"Physician, MD/DO",True,Family Practice,Job
NA,10,NA,10,,0,19401,40.12333562,,,,15,Norristown,,"{'fullTime': True, 'partTime': True}",4D775A84-2B3C-418D-80C6-AE31A5B22C3A,10,-75.33352298,True,23,15,PA,Pennsylvania,True,15,['SITE_PROFILE_COMPLETED'],6E34448D-10EC-4CAE-B5CC-2C117C5593FC,16,Delaware Valley Community Health - Norristown Regional Health Center,"['Physician, MD/DO']",23,6102787787,True,10,,1401 Dekalb St,False,"['Physician, MD/DO - Family Practice']",6E34448D-10EC-4CAE-B5CC-2C117C5593FC,"Physician, MD/DO",True,Family Practice,Job
NA,10,61.0000,10,,0,19133,39.99957728,,,,15,Philadelphia,,"{'fullTime': True, 'partTime': True}",4F83B895-18D3-4BB9-9424-FDB369B0C6CF,10,-75.13689006,True,23,15,PA,,True,15,['SITE_PROFILE_COMPLETED'],D87480FA-05F1-4BB9-93A4-DE07E9DC6DBF,16,Delaware Valley Community Health - Maria De Los Santos Health Center,"['Physician, MD/DO']",23,2152912500,True,10,,"401 W Allegheny Ave, Apt 55",False,"['Physician, MD/DO - Family Practice']",D87480FA-05F1-4BB9-93A4-DE07E9DC6DBF,"Physician, MD/DO",True,Family Practice,Job
NA,22,NA,22,,0,97301,44.929956,,,,18,Salem,,"{'fullTime': True, 'partTime': False}",1BC7653A-2878-41B8-97BD-935DD1295971,22,-122.983345,True,25,18,OR,,True,18,['SITE_PROFILE_COMPLETED'],9BF2CB25-CA93-4BF5-ABCC-D214C6229333,19,Yakima Valley Farm Workers Clinic - Lancaster Family Health Center at Lancaster,"['Physician, MD/DO']",25,,True,22,,255 Lancaster Dr NE,False,"['Physician, MD/DO - Family Practice']",9BF2CB25-CA93-4BF5-ABCC-D214C6229333,"Physician, MD/DO",True,Family Practice,Job
NA,22,61.0000,22,,0,97838,45.845334,,,,18,Hermiston,,"{'fullTime': True, 'partTime': False}",C9468794-F3EF-4E20-BF55-518451C7EC1A,22,-119.31097,True,25,18,OR,,True,18,['SITE_PROFILE_COMPLETED'],543EB69C-25D6-4A9E-9D68-E28C6145EF60,19,Mirasol Family Health Center - Yakima Valley Farm Workers Clinic,"['Physician, MD/DO']",25,,True,22,,589 NW 11th St,False,"['Physician, MD/DO - Family Practice']",543EB69C-25D6-4A9E-9D68-E28C6145EF60,"Physician, MD/DO",True,Family Practice,Job
NA,20,NA,20,,0,93727,36.768273,,,,21,Fresno,,"{'fullTime': True, 'partTime': False}",7375FCA4-8F95-48C4-A7FB-E73FC0355612,20,-119.729048,True,NA,21,CA,California,True,21,['SITE_PROFILE_COMPLETED'],F13957CF-CD13-4C39-A8B5-4FEA9C803E43,20,Clinica Sierra Vista - North Fine,"['Physician, MD/DO']",23,,False,20,,"1945 N Fine Ave, Ste 116",False,"['Physician, MD/DO - OB/GYN']",F13957CF-CD13-4C39-A8B5-4FEA9C803E43,"Physician, MD/DO",True,OB/GYN,Job
NA,21,59.0000,NA,,0,98802,47.4198188,,,,13,East Wenatchee,,"{'fullTime': True, 'partTime': False}",85C54D03-342E-4CC5-8171-73EEE6A9B8A7,21,-120.28191025,True,17,13,WA,,True,13,['SITE_PROFILE_COMPLETED'],0AF2AC47-5010-43CF-944E-F949653BA6D6,13,Columbia Valley Community Health - East Wenatchee Clinic,"['Physician, MD/DO']",17,,False,21,,940 Eastmont Ave,False,"['Physician, MD/DO - Family Practice', 'Physician, MD/DO - Family Practice w/ OB']",0AF2AC47-5010-43CF-944E-F949653BA6D6,"Physician, MD/DO",True,Family Practice,Job
NA,21,NA,21,,0,98801,47.418623,,,,13,Wenatchee,,"{'fullTime': True, 'partTime': False}",613805C5-F3DB-455B-AA71-7DEC5680A6A6,21,-120.317729,True,17,13,WA,,True,13,['SITE_PROFILE_COMPLETED'],90495BDA-A6F9-4E2D-94CC-5ED0C70EAF8B,13,Columbia Valley Community Health - Wenatchee,"['Physician, MD/DO']",17,,True,21,,"600 Orondo Ave, Ste 1",False,"['Physician, MD/DO - Family Practice', 'Physician, MD/DO - Family Practice w/ OB']",90495BDA-A6F9-4E2D-94CC-5ED0C70EAF8B,"Physician, MD/DO",True,Family Practice,Job
NA,17,NA,NA,,0,14048,42.460434,,,,17,Dunkirk,,"{'fullTime': True, 'partTime': False}",8B9C012A-B47C-4582-9CD2-47A57E2BFB35,17,-79.314943,True,NA,17,NY,New York,True,17,['SITE_PROFILE_COMPLETED'],EAFD4BA9-FCB7-4F18-B85B-191D2E25981A,6,"General Physician, PC - Dunkirk","['Physician, MD/DO']",18,7168489647,True,17,,3898 Vineyard Dr,False,"['Physician, MD/DO - General Practice', 'Physician, MD/DO - Family Practice', 'Physician, MD/DO - Internal Medicine']",EAFD4BA9-FCB7-4F18-B85B-191D2E25981A,"Physician, MD/DO",True,General Practice,Job
NA,20,56.0000,20,,0,45331,40.084476,,,,12,Greenville,,"{'fullTime': True, 'partTime': False}",142B1AE8-F344-40F4-8D5F-199A6ADD024E,20,-84.627526,True,20,12,OH,,True,12,['SITE_PROFILE_COMPLETED'],7BD16BAB-2964-48F8-81D8-B0782BDA6981,21,Family Health Services of Darke County - Greenville,"['Physician, MD/DO']",20,,True,20,,5735 Meeker Rd,False,"['Physician, MD/DO - OB/GYN']",7BD16BAB-2964-48F8-81D8-B0782BDA6981,"Physician, MD/DO",True,OB/GYN,Job
NA,21,NA,21,,0,29605,34.816335,,,,11,Greenville,,"{'fullTime': True, 'partTime': False}",C1DC0254-27D9-44C0-AE10-AAF0F5C712F6,21,-82.414109,True,NA,11,SC,South Carolina,True,11,['SITE_PROFILE_COMPLETED'],AF4C3F3D-AF07-4907-AA8A-72A6147DAC6D,18,New Horizon Family Health Services Inc - New Horizon Family Health Services Main Site,"['Physician, MD/DO']",25,8647298330,True,21,,975 W Faris Rd,False,"['Physician, MD/DO - Internal Medicine - Pediatrics', 'Physician, MD/DO - Family Practice', 'Physician, MD/DO - Internal Medicine']",AF4C3F3D-AF07-4907-AA8A-72A6147DAC6D,"Physician, MD/DO",True,Internal Medicine - Pediatrics,Job
NA,21,NA,21,,0,29651,34.946225,,,,11,Greer,,"{'fullTime': True, 'partTime': False}",8CFB4291-072B-44F4-80F2-91CE2FE6462D,21,-82.22309,True,NA,11,SC,South Carolina,True,11,['SITE_PROFILE_COMPLETED'],D50C267F-42B2-4E6C-BEB7-98D8341F3CCF,18,New Horizon Family Health Services Inc - Greer,"['Physician, MD/DO']",25,8648012035,True,21,,"111 Berry Ave, #A",False,"['Physician, MD/DO - Internal Medicine - Pediatrics', 'Physician, MD/DO - Family Practice', 'Physician, MD/DO - Internal Medicine']",D50C267F-42B2-4E6C-BEB7-98D8341F3CCF,"Physician, MD/DO",True,Internal Medicine - Pediatrics,Job
50.0000,21,NA,21,,0,06351,41.611348,,,,21,Jewett City,,"{'fullTime': True, 'partTime': False}",76009D0C-4843-4416-A645-807F2B114C9D,21,-71.973216,True,25,21,CT,Connecticut,True,21,['SITE_PROFILE_COMPLETED'],A07684A6-5928-46BC-A709-A688A4794F0A,17,United Community and Family Services - Griswold Health Center,"['Physician, MD/DO']",25,,True,21,,226 E Main St,False,"['Physician, MD/DO - Internal Medicine']",A07684A6-5928-46BC-A709-A688A4794F0A,"Physician, MD/DO",True,Internal Medicine,Job
50.0000,21,NA,21,,0,06360,41.546871,,,,21,Norwich,,"{'fullTime': True, 'partTime': False}",D0E911A4-18F3-4750-9B2D-B14E44525A50,21,-72.091923,True,25,21,CT,Connecticut,True,21,['SITE_PROFILE_COMPLETED'],6C802ADC-8CA5-40A6-8A65-D410FC1E2F4F,17,United Community and Family Services - Norwich Health Center,"['Physician, MD/DO']",25,,True,21,,47 Town St,False,"['Physician, MD/DO - Internal Medicine']",6C802ADC-8CA5-40A6-8A65-D410FC1E2F4F,"Physician, MD/DO",True,Internal Medicine,Job
50.0000,21,NA,21,,0,06360,41.546871,,,,21,Norwich,,"{'fullTime': True, 'partTime': False}",D0E911A4-18F3-4750-9B2D-B14E44525A50,21,-72.091923,True,25,21,CT,Connecticut,True,21,['SITE_PROFILE_COMPLETED'],B3D6FD70-5762-48DC-86DB-A1A8EF87CAD4,17,United Community and Family Services - Norwich Health Center,"['Physician, MD/DO']",25,,True,21,,47 Town St,False,"['Physician, MD/DO - Internal Medicine']",B3D6FD70-5762-48DC-86DB-A1A8EF87CAD4,"Physician, MD/DO",True,Internal Medicine,Job
NA,19,61.0000,19,,0,43215,39.964903,,,,19,Columbus,,"{'fullTime': True, 'partTime': False}",C611F724-E9D1-4EEF-A6D6-C7B41457F0CC,19,-83.001744,True,23,19,OH,Ohio,True,19,['SITE_PROFILE_COMPLETED'],C76622F0-32F1-45DA-B833-24B9453D7EC1,17,"Southeast, Inc. - Downtown Columbus Clinic","['Physician, MD/DO']",23,6142250980,True,19,,16 W Long St,False,"['Physician, MD/DO - Family Practice']",C76622F0-32F1-45DA-B833-24B9453D7EC1,"Physician, MD/DO",True,Family Practice,Job
NA,18,55.0000,NA,General Practice,0,36744,32.69472918,,['ADVANCED_NURSING_EDUCATION_PROGRAM:Active'],,22,Greensboro,"Physician, MD/DO","{'fullTime': True, 'partTime': False}",B4D22797-22F3-45AE-984A-F610A09A0BA7,18,-87.58689111,True,NA,22,AL,Alabama,True,22,['SITE_PROFILE_COMPLETED'],BC2AA8F4-536E-40D7-B317-8CCB97E4063B,20,Hale County Hospital - Hale County Hospital Clinic,"['Nurse Practitioner', 'Physician, MD/DO']",20,3346244442,False,18,,508 Greene St,False,"['Nurse Practitioner - Family Practice', 'Nurse Practitioner - Acute Care', 'Nurse Practitioner - Family', 'Nurse Practitioner - Critical Care', 'Physician, MD/DO - General Practice', 'Nurse Practitioner - Other', 'Physician, MD/DO - Family Practice', 'Physician, MD/DO - Internal Medicine']",BC2AA8F4-536E-40D7-B317-8CCB97E4063B,Nurse Practitioner,True,Family Practice,Job
NA,20,64.0000,20,,0,47403,39.161385,,,,22,Bloomington,,"{'fullTime': True, 'partTime': False}",8C34F3CB-F7DF-42F3-A256-856B0FA2DCD2,20,-86.542655,True,25,22,IN,Indiana,True,22,['SITE_PROFILE_COMPLETED'],FFD3F6FC-4946-4983-900E-270AE3A18489,20,HealthNet - Bloomington Health and Dental Center,"['Physician, MD/DO']",25,3179572019,True,20,,811 W 2nd St,False,"['Physician, MD/DO - Internal Medicine - Pediatrics']",FFD3F6FC-4946-4983-900E-270AE3A18489,"Physician, MD/DO",True,Internal Medicine - Pediatrics,Job
NA,20,57.0000,20,,0,46203,39.737813,,,,22,Indianapolis,,"{'fullTime': True, 'partTime': False}",30FC0B63-5F9D-435B-92CE-9102E36BA00B,20,-86.107838,True,25,22,IN,Indiana,True,22,['SITE_PROFILE_COMPLETED'],04351DC4-2066-4534-BF6D-D23EA3B92512,20,HealthNet - Barrington Health Center,"['Physician, MD/DO']",25,,True,20,,3401 E Raymond St,False,"['Physician, MD/DO - OB/GYN']",04351DC4-2066-4534-BF6D-D23EA3B92512,"Physician, MD/DO",True,OB/GYN,Job
NA,20,59.0000,20,,0,46202,39.791743,,,,22,Indianapolis,,"{'fullTime': True, 'partTime': False}",5E547771-DB92-4268-A632-95362CEA566C,20,-86.163038,True,NA,22,IN,Indiana,True,22,['SITE_PROFILE_COMPLETED'],D4F394BC-5299-415C-BDFF-6593A2155707,20,HealthNet - Downtown Health Center,"['Physician, MD/DO']",25,,True,20,,1801 Senate Blvd,False,"['Physician, MD/DO - OB/GYN']",D4F394BC-5299-415C-BDFF-6593A2155707,"Physician, MD/DO",True,OB/GYN,Job
NA,20,60.0000,NA,Internal Medicine,0,50314,41.600412,,,,19,Des Moines,"Physician, MD/DO","{'fullTime': True, 'partTime': False}",61518EAF-2AF9-4054-8497-11CAEFA1E3FC,20,-93.633128,True,21,19,IA,Iowa,True,19,['SITE_PROFILE_COMPLETED'],19E1E7FF-42F8-487E-A897-132217F21955,17,"Primary Health Care, Inc. - University Avenue Clinic","['Faculty - Medical', 'Physician, MD/DO']",21,5152481888,False,20,,1200 University Ave,False,"['Faculty - Medical', 'Physician, MD/DO - Internal Medicine']",19E1E7FF-42F8-487E-A897-132217F21955,Faculty - Medical,True,Internal Medicine,Job
NA,19,61.0000,19,,0,24055,36.735943,,,,20,Bassett,,"{'fullTime': True, 'partTime': False}",609E1994-38B5-49B9-B7CC-84D97D28A3A3,19,-79.959225,True,NA,20,VA,,True,20,['SITE_PROFILE_COMPLETED'],F95F1697-BD76-49AB-A1E9-C0EEE2763CFF,23,Connect Health + Wellness - Bassett,"['Physician, MD/DO']",25,,True,19,,324 T B Stanley Hwy,False,"['Physician, MD/DO - Family Practice']",F95F1697-BD76-49AB-A1E9-C0EEE2763CFF,"Physician, MD/DO",True,Family Practice,Job
53.0000,21,NA,21,,0,95901,39.120365,,,,18,Marysville,,"{'fullTime': True, 'partTime': False}",0B9BB2B5-D42F-4644-878C-811636EAB77E,21,-121.56603,True,NA,18,CA,,True,18,['SITE_PROFILE_COMPLETED'],B29ABCC9-68E8-434B-9811-FE61C4C25775,18,Peach Tree Health - Linda,"['Physician, MD/DO']",23,,True,21,,"5730 Packard Ave, Ste 500",False,"['Physician, MD/DO - OB/GYN']",B29ABCC9-68E8-434B-9811-FE61C4C25775,"Physician, MD/DO",True,OB/GYN,Job
NA,18,59.0000,18,,0,97761,44.755209,,,,18,Warm Springs,,"{'fullTime': True, 'partTime': False}",1610C1F3-3D11-4626-8C9C-5E64328B1E9E,18,-121.272414,True,22,18,OR,,True,18,['SITE_PROFILE_COMPLETED'],3A4A8767-87C3-4FD7-8EE4-99F15A03CA92,18,Warm Springs Service Unit - Warm Springs Health and Wellness Center,"['Physician, MD/DO']",22,5415531196,True,18,,Kot-Num Rd,False,"['Physician, MD/DO - Family Practice']",3A4A8767-87C3-4FD7-8EE4-99F15A03CA92,"Physician, MD/DO",True,Family Practice,Job
NA,21,42.0000,21,,0,27804,35.94636,,,,22,Rocky Mount,,"{'fullTime': True, 'partTime': False}",88961A3A-593A-4472-87AB-4EA69447C0DE,21,-77.800462,True,25,22,NC,,True,22,['SITE_PROFILE_COMPLETED'],575D7E77-FB7B-4EEE-AE5A-A68F43CC391A,23,OIC Family Medical Center at Happy Hill,"['Physician, MD/DO']",25,,True,21,,300 N Grace St,False,"['Physician, MD/DO - Pediatrics', 'Physician, MD/DO - Family Practice', 'Physician, MD/DO - Internal Medicine']",575D7E77-FB7B-4EEE-AE5A-A68F43CC391A,"Physician, MD/DO",True,Pediatrics,Job
NA,21,42.0000,21,,0,27804,35.974608,,,,22,Rocky Mount,,"{'fullTime': True, 'partTime': False}",0B9A2027-81FC-49D1-AD82-62665F19DF28,21,-77.819462,True,NA,22,NC,,True,22,['SITE_PROFILE_COMPLETED'],10838B44-2187-45D2-BF30-81F244F05923,23,OIC Family Medical Center at Community Health Plaza,"['Physician, MD/DO']",25,,True,21,,1041 Noell Lane,False,"['Physician, MD/DO - Pediatrics', 'Physician, MD/DO - Family Practice', 'Physician, MD/DO - Internal Medicine']",10838B44-2187-45D2-BF30-81F244F05923,"Physician, MD/DO",True,Pediatrics,Job
NA,21,42,21,,0,27804,35.963126,,,,22,Rocky Mount,,"{'fullTime': True, 'partTime': False}",74F2B43A-4F24-4653-9F9A-2BA39D4C9D31,21,-77.857371,True,NA,22,NC,,True,22,['SITE_PROFILE_COMPLETED'],EBF3270E-7B0C-4899-8F8D-C6881FB07827,23,OIC Family Medical Center Guardian Court,"['Physician, MD/DO']",25,,True,21,,90 Guardian Court,False,"['Physician, MD/DO - Pediatrics', 'Physician, MD/DO - Family Practice', 'Physician, MD/DO - Internal Medicine']",EBF3270E-7B0C-4899-8F8D-C6881FB07827,"Physician, MD/DO",True,Pediatrics,Job
NA,21,42.0000,21,,0,27804,35.94636,,,,22,Rocky Mount,,"{'fullTime': True, 'partTime': False}",88961A3A-593A-4472-87AB-4EA69447C0DE,21,-77.800462,True,25,22,NC,,True,22,['SITE_PROFILE_COMPLETED'],0ED63907-E1BC-4BF2-8316-EDFD3D1C1AC4,23,OIC Family Medical Center at Happy Hill,"['Physician, MD/DO']",25,,True,21,,300 N Grace St,False,"['Physician, MD/DO - Pediatrics', 'Physician, MD/DO - Family Practice', 'Physician, MD/DO - Internal Medicine']",0ED63907-E1BC-4BF2-8316-EDFD3D1C1AC4,"Physician, MD/DO",True,Pediatrics,Job
NA,21,42.0000,21,,0,27804,35.974608,,,,22,Rocky Mount,,"{'fullTime': True, 'partTime': False}",0B9A2027-81FC-49D1-AD82-62665F19DF28,21,-77.819462,True,NA,22,NC,,True,22,['SITE_PROFILE_COMPLETED'],182BF2F1-3DD8-4D26-B370-4FDD9D00F7E2,23,OIC Family Medical Center at Community Health Plaza,"['Physician, MD/DO']",25,,True,21,,1041 Noell Lane,False,"['Physician, MD/DO - Pediatrics', 'Physician, MD/DO - Family Practice', 'Physician, MD/DO - Internal Medicine']",182BF2F1-3DD8-4D26-B370-4FDD9D00F7E2,"Physician, MD/DO",True,Pediatrics,Job
NA,21,46.0000,NA,,0,27801,35.945252,,,,22,Rocky Mount,,"{'fullTime': True, 'partTime': False}",AB81FBCA-CCC0-49A4-B5BD-897424439A55,21,-77.792614,True,NA,22,NC,,True,22,['SITE_PROFILE_COMPLETED'],774BC86A-1F6B-47E6-BED2-7D2D3622C597,23,OIC Specialty Care Center - Primary Care Clinic,"['Physician, MD/DO']",25,,True,21,,260 Albemarle Ave,False,"['Physician, MD/DO - Pediatrics', 'Physician, MD/DO - Family Practice', 'Physician, MD/DO - Internal Medicine']",774BC86A-1F6B-47E6-BED2-7D2D3622C597,"Physician, MD/DO",True,Pediatrics,Job
NA,21,42.0000,NA,,0,27803,35.92856,,,,22,Rocky Mount,,"{'fullTime': True, 'partTime': False}",4F720EDD-8009-4166-AB4B-DD156FE4A1DE,21,-77.818034,True,NA,22,NC,North Carolina,True,22,['SITE_PROFILE_COMPLETED'],2740308D-2DA0-4DA3-91B5-1D0019CEBD6B,23,OIC Williford School Clinic,"['Physician, MD/DO']",25,2522123484,True,21,,801 Williford St,False,"['Physician, MD/DO - Pediatrics', 'Physician, MD/DO - Family Practice', 'Physician, MD/DO - Internal Medicine']",2740308D-2DA0-4DA3-91B5-1D0019CEBD6B,"Physician, MD/DO",True,Pediatrics,Job
NA,21,46.0000,21,,0,27801,35.929164,,,,22,Rocky Mount,,"{'fullTime': True, 'partTime': False}",1F33C8BA-C1A6-4DB7-8906-FD466A746D3C,21,-77.773815,True,NA,22,NC,,True,22,['SITE_PROFILE_COMPLETED'],4F7E0CC5-F103-43E1-BE2A-38BB3D374081,23,"Opportunities Industrialization Center, Inc. - Fairview","['Physician, MD/DO']",25,,True,21,,111 South Fairview Road,False,"['Physician, MD/DO - Pediatrics', 'Physician, MD/DO - Family Practice', 'Physician, MD/DO - Internal Medicine']",4F7E0CC5-F103-43E1-BE2A-38BB3D374081,"Physician, MD/DO",True,Pediatrics,Job
NA,21,42.0000,21,,0,27804,35.974608,,,,22,Rocky Mount,,"{'fullTime': True, 'partTime': False}",0B9A2027-81FC-49D1-AD82-62665F19DF28,21,-77.819462,True,NA,22,NC,,True,22,['SITE_PROFILE_COMPLETED'],D2005416-493A-4586-971F-A0832EA0051A,23,OIC Family Medical Center at Community Health Plaza,"['Physician, MD/DO']",25,,True,21,,1041 Noell Lane,False,"['Physician, MD/DO - Pediatrics', 'Physician, MD/DO - Family Practice', 'Physician, MD/DO - Internal Medicine']",D2005416-493A-4586-971F-A0832EA0051A,"Physician, MD/DO",True,Pediatrics,Job
0.0000,18,59.0000,18,,0,60659,41.996289,,,,19,Chicago,,"{'fullTime': True, 'partTime': True}",065ECC19-0EEB-451E-BA07-0AE498534DD5,18,-87.689775,True,23,19,IL,,True,19,['SITE_PROFILE_COMPLETED'],A99B66B1-41C0-4200-BA03-61BEE148C41F,18,"Asian Human Services Family Health Center, Inc.","['Physician, MD/DO']",23,,True,18,,6301 N Western Ave,False,"['Physician, MD/DO - Pediatrics']",A99B66B1-41C0-4200-BA03-61BEE148C41F,"Physician, MD/DO",True,Pediatrics,Job
NA,18,NA,18,,0,60077,42.04112,,,,19,Skokie,,"{'fullTime': True, 'partTime': True}",0D60A88A-189A-4377-830C-72C5FB5139D8,18,-87.759329,True,23,19,IL,,True,19,['SITE_PROFILE_COMPLETED'],6F87C7CD-7A36-41BC-9282-EBC5C2557962,18,Asian Human Services Family Health Center - Skokie Clinic,"['Physician, MD/DO']",23,,True,18,,8800 Lockwood Ave,False,"['Physician, MD/DO - Pediatrics']",6F87C7CD-7A36-41BC-9282-EBC5C2557962,"Physician, MD/DO",True,Pediatrics,Job
NA,18,NA,18,,0,60714,42.054677,,,,19,Niles,,"{'fullTime': True, 'partTime': True}",E663DB1C-1864-4324-965C-A8D92C8969B4,18,-87.834066,True,23,19,IL,,True,19,['SITE_PROFILE_COMPLETED'],5176BB8A-9338-4740-BE06-18BC47DDBEDA,18,Asian Human Services Family Health Center - Niles Clinic,"['Physician, MD/DO']",23,,True,18,,8321 W Golf Rd,False,"['Physician, MD/DO - Pediatrics']",5176BB8A-9338-4740-BE06-18BC47DDBEDA,"Physician, MD/DO",True,Pediatrics,Job
0.0000,18,59.0000,18,,0,60659,41.990415,,,,19,Chicago,,"{'fullTime': True, 'partTime': True}",35BBCE68-43BA-49BD-B146-F0804409FAEB,18,-87.692328,True,23,19,IL,,True,19,['SITE_PROFILE_COMPLETED'],63CC3CF4-EFC9-48E3-91CE-5A3D18AC3C7A,18,Asian Human Services Family Health Center - West Building,"['Physician, MD/DO']",23,,True,18,,2505 W Peterson Ave,False,"['Physician, MD/DO - Pediatrics']",63CC3CF4-EFC9-48E3-91CE-5A3D18AC3C7A,"Physician, MD/DO",True,Pediatrics,Job
0.0000,18,59.0000,18,,0,60659,41.996289,,,,19,Chicago,,"{'fullTime': True, 'partTime': True}",065ECC19-0EEB-451E-BA07-0AE498534DD5,18,-87.689775,True,23,19,IL,,True,19,['SITE_PROFILE_COMPLETED'],3D15472E-A0C5-4706-BC37-10FAB38A1A5B,18,"Asian Human Services Family Health Center, Inc.","['Physician, MD/DO']",23,,True,18,,6301 N Western Ave,False,"['Physician, MD/DO - Pediatrics', 'Physician, MD/DO - Family Practice']",3D15472E-A0C5-4706-BC37-10FAB38A1A5B,"Physician, MD/DO",True,Pediatrics,Job
NA,18,NA,18,,0,60077,42.04112,,,,19,Skokie,,"{'fullTime': True, 'partTime': True}",0D60A88A-189A-4377-830C-72C5FB5139D8,18,-87.759329,True,23,19,IL,,True,19,['SITE_PROFILE_COMPLETED'],2BF139B1-7799-4D08-A437-A1FA3D3EFE19,18,Asian Human Services Family Health Center - Skokie Clinic,"['Physician, MD/DO']",23,,True,18,,8800 Lockwood Ave,False,"['Physician, MD/DO - Pediatrics', 'Physician, MD/DO - Family Practice']",2BF139B1-7799-4D08-A437-A1FA3D3EFE19,"Physician, MD/DO",True,Pediatrics,Job
NA,18,NA,18,,0,60714,42.054677,,,,19,Niles,,"{'fullTime': True, 'partTime': True}",E663DB1C-1864-4324-965C-A8D92C8969B4,18,-87.834066,True,23,19,IL,,True,19,['SITE_PROFILE_COMPLETED'],663B31D7-B00A-4B5C-BD6F-66E04BABFF17,18,Asian Human Services Family Health Center - Niles Clinic,"['Physician, MD/DO']",23,,True,18,,8321 W Golf Rd,False,"['Physician, MD/DO - Pediatrics', 'Physician, MD/DO - Family Practice']",663B31D7-B00A-4B5C-BD6F-66E04BABFF17,"Physician, MD/DO",True,Pediatrics,Job
0.0000,18,59.0000,18,,0,60659,41.990415,,,,19,Chicago,,"{'fullTime': True, 'partTime': True}",35BBCE68-43BA-49BD-B146-F0804409FAEB,18,-87.692328,True,23,19,IL,,True,19,['SITE_PROFILE_COMPLETED'],86182111-24B6-44AE-A614-7BDE1D2977A0,18,Asian Human Services Family Health Center - West Building,"['Physician, MD/DO']",23,,True,18,,2505 W Peterson Ave,False,"['Physician, MD/DO - Pediatrics', 'Physician, MD/DO - Family Practice']",86182111-24B6-44AE-A614-7BDE1D2977A0,"Physician, MD/DO",True,Pediatrics,Job
NA,NA,NA,NA,,0,92395,34.48136637196,,,,NA,Victorville,,"{'fullTime': True, 'partTime': False}",2BA2450B-EE93-42F8-81F3-DE0DA8B1A76E,NA,-117.289110737522,True,NA,NA,CA,California,True,NA,['SITE_PROFILE_COMPLETED'],7756701B-FA62-42A3-8B70-64657FD5845A,NA,Valencia Pediatrics,"['Physician, MD/DO']",NA,7609555656,False,NA,,"12677 Hesperia Rd, Suite 160",False,"['Physician, MD/DO - Pediatrics']",7756701B-FA62-42A3-8B70-64657FD5845A,"Physician, MD/DO",False,Pediatrics,Job
NA,16,61.0000,NA,,0,83522,46.050458432199,,,,15,Cottonwood,,"{'fullTime': True, 'partTime': False}",2E1B3D68-D694-40F3-BDD6-2056C115E0CB,16,-116.351673908696,True,NA,15,ID,,True,15,['SITE_PROFILE_COMPLETED'],DD883E9F-3FBB-4402-AD9B-C939518A682C,15,St. Mary's Hospital (CAH),"['Physician, MD/DO']",16,,False,16,,701 Lewiston St,False,"['Physician, MD/DO - Family Practice w/ OB']",DD883E9F-3FBB-4402-AD9B-C939518A682C,"Physician, MD/DO",True,Family Practice w/ OB,Job
NA,16,61.0000,NA,,0,83522,46.05045843,,,,15,Cottonwood,,"{'fullTime': True, 'partTime': False}",F2249F6A-363B-4566-B082-265A61AB1554,16,-116.35167391,True,NA,15,ID,Idaho,True,15,['SITE_PROFILE_COMPLETED'],CDDC7192-C5A4-46F1-B5B7-2BB09585504A,15,St. Mary's Hospital Cottonwood Clinic,"['Physician, MD/DO']",16,2089623267,False,16,,701 Lewiston St,False,"['Physician, MD/DO - Family Practice w/ OB']",CDDC7192-C5A4-46F1-B5B7-2BB09585504A,"Physician, MD/DO",True,Family Practice w/ OB,Job
52.0000,16,NA,NA,,0,83536,46.22652052,,,,13,Kamiah,,"{'fullTime': True, 'partTime': False}",E9A7B989-F288-4BCA-9AC8-7A9966D976B7,16,-116.02532334,True,NA,13,ID,,True,13,['SITE_PROFILE_COMPLETED'],FDC3BA9C-E096-4F7E-AD40-AEDEE080AC1D,15,St. Mary's Kamiah Medical Clinic,"['Physician, MD/DO']",12,,False,16,,518 Oak St,False,"['Physician, MD/DO - Family Practice w/ OB']",FDC3BA9C-E096-4F7E-AD40-AEDEE080AC1D,"Physician, MD/DO",True,Family Practice w/ OB,Job
NA,19,50.0000,19,,0,67214,37.700064,,,,19,Wichita,,"{'fullTime': True, 'partTime': False}",F9269B93-5A86-4F5B-85C5-B7D576BD3C95,19,-97.336867,True,NA,19,KS,Kansas,True,19,['SITE_PROFILE_COMPLETED'],1EA031FA-F932-49E4-9DDA-4DC2E54984FA,18,Hunter Health - HumanKind Ministries Clinic,"['Physician, MD/DO']",25,3162609158,True,19,,935 N Market St,False,"['Physician, MD/DO - Family Practice']",1EA031FA-F932-49E4-9DDA-4DC2E54984FA,"Physician, MD/DO",True,Family Practice,Job
NA,19,NA,19,,0,67210,37.644356,,,,19,Wichita,,"{'fullTime': True, 'partTime': False}",040E5C3A-A47E-41E0-AABF-D6B8C87E73D7,19,-97.290748,True,25,19,KS,,True,19,['SITE_PROFILE_COMPLETED'],A77E4D27-B60B-4979-AC93-413684AD833B,18,Hunter Health - Brookside Clinic,"['Physician, MD/DO']",25,,True,19,,2750 S Roosevelt St,False,"['Physician, MD/DO - Family Practice']",A77E4D27-B60B-4979-AC93-413684AD833B,"Physician, MD/DO",True,Family Practice,Job
NA,19,NA,19,,0,67214,37.693657,,,,19,Wichita,,"{'fullTime': True, 'partTime': False}",795B0E5D-288D-493A-B3F5-DBF38CB2D8D3,19,-97.308429,True,25,19,KS,,True,19,['SITE_PROFILE_COMPLETED'],9D6927DE-E97D-4ED1-89C4-22FF81B50961,18,Hunter Health - Main Clinic,"['Physician, MD/DO']",25,,True,19,,2318 E Central Ave,False,"['Physician, MD/DO - Family Practice']",9D6927DE-E97D-4ED1-89C4-22FF81B50961,"Physician, MD/DO",True,Family Practice,Job
NA,19,NA,19,Family Practice,0,67214,37.693657,,,,19,Wichita,"Physician, MD/DO","{'fullTime': True, 'partTime': False}",795B0E5D-288D-493A-B3F5-DBF38CB2D8D3,19,-97.308429,True,25,19,KS,,True,19,['SITE_PROFILE_COMPLETED'],A0BB12B1-716D-413C-AE86-42C79F7200C8,18,Hunter Health - Main Clinic,"['Associate Program Director - Medical', 'Physician, MD/DO']",25,,True,19,,2318 E Central Ave,False,"['Associate Program Director - Medical', 'Physician, MD/DO - Family Practice']",A0BB12B1-716D-413C-AE86-42C79F7200C8,Associate Program Director - Medical,True,Family Practice,Job
NA,23,37.0000,23,,0,63965,36.997331,,,,22,Van Buren,,"{'fullTime': True, 'partTime': True}",C1BC4F53-03CE-4FFE-B87B-3C92E1714B3C,23,-91.014658,True,25,22,MO,Missouri,True,22,"['NHSC_FORHP_RCORP_SITE', 'SITE_PROFILE_COMPLETED']",8DBE9F74-5ED0-4A37-970F-FF4986CD6AB2,21,Missouri Highlands Health Care - Van Buren,"['Physician, MD/DO']",25,5733234253,True,23,,405 Main St,False,"['Physician, MD/DO - Family Practice', 'Physician, MD/DO - Internal Medicine']",8DBE9F74-5ED0-4A37-970F-FF4986CD6AB2,"Physician, MD/DO",True,Family Practice,Job
NA,23,52.0000,23,,0,65466,37.1419,,,,22,Eminence,,"{'fullTime': True, 'partTime': True}",DE29FC93-C979-4DB1-A8E3-E028FB39455D,23,-91.358242,True,NA,22,MO,Missouri,True,22,"['NHSC_FORHP_RCORP_SITE', 'SITE_PROFILE_COMPLETED']",4C04931E-C952-47CE-A94D-BFF8633494B6,21,Missouri Highlands Health Care - Eminence,"['Physician, MD/DO']",25,5732265505,True,23,,Main St,False,"['Physician, MD/DO - Family Practice', 'Physician, MD/DO - Internal Medicine']",4C04931E-C952-47CE-A94D-BFF8633494B6,"Physician, MD/DO",True,Family Practice,Job
NA,23,53.0000,23,,0,63957,37.140289,,,,22,Piedmont,,"{'fullTime': True, 'partTime': True}",8FC35CD9-849E-4040-B2FE-9CB413D911FE,23,-90.699082,True,NA,22,MO,Missouri,True,22,"['NHSC_FORHP_RCORP_SITE', 'SITE_PROFILE_COMPLETED']",FB744D54-C7DF-436E-8E76-E66584C7AA18,21,Missouri Highlands Health Care - Piedmont,"['Physician, MD/DO']",25,5732234800,True,23,,1 Hals Plz,False,"['Physician, MD/DO - Family Practice', 'Physician, MD/DO - Internal Medicine']",FB744D54-C7DF-436E-8E76-E66584C7AA18,"Physician, MD/DO",True,Family Practice,Job
NA,22,45.0000,22,,0,63638,37.248287,,,,21,Ellington,,"{'fullTime': True, 'partTime': True}",131C8432-0EF8-4B3A-992B-6ED3FACB43B5,22,-90.966011,True,NA,21,MO,Missouri,True,21,"['NHSC_FORHP_RCORP_SITE', 'SITE_PROFILE_COMPLETED']",92E5FE9A-D82A-4ADB-8CC4-4B0F306EE489,23,Missouri Highlands Health Care - Ellington,"['Physician, MD/DO']",23,5736632525,True,22,,61 Highway Y,False,"['Physician, MD/DO - Family Practice', 'Physician, MD/DO - Internal Medicine']",92E5FE9A-D82A-4ADB-8CC4-4B0F306EE489,"Physician, MD/DO",True,Family Practice,Job
NA,23,28.0000,23,,0,63935,36.631637,,,,22,Doniphan,,"{'fullTime': True, 'partTime': True}",205F2DF3-6B86-4B6A-A1CC-8C002EDA97D8,23,-90.828523,True,NA,22,MO,Missouri,True,22,"['NHSC_FORHP_RCORP_SITE', 'SITE_PROFILE_COMPLETED']",4FDAC922-FDC7-41D3-B57E-9DBE274CA4CC,21,Missouri Highlands Health Care - Doniphan North,"['Physician, MD/DO']",25,5739962136,True,23,,109 Leroux St,False,"['Physician, MD/DO - Family Practice', 'Physician, MD/DO - Internal Medicine']",4FDAC922-FDC7-41D3-B57E-9DBE274CA4CC,"Physician, MD/DO",True,Family Practice,Job
NA,23,49.0000,23,,0,63663,37.62388,,,,22,Pilot Knob,,"{'fullTime': True, 'partTime': True}",8023587A-1E3A-4809-8370-B637C72942E8,23,-90.645082,True,25,22,MO,Missouri,True,22,"['NHSC_FORHP_RCORP_SITE', 'SITE_PROFILE_COMPLETED']",05219773-1D87-4283-B463-6A399641FB3A,21,Missouri Highlands Health Care - Pilot Knob,"['Physician, MD/DO']",25,5735460602,True,23,,315 W Mulberry,False,"['Physician, MD/DO - Family Practice', 'Physician, MD/DO - Internal Medicine']",05219773-1D87-4283-B463-6A399641FB3A,"Physician, MD/DO",True,Family Practice,Job
NA,18,59.0000,18,,0,29102,33.689156,,,,16,Manning,,"{'fullTime': True, 'partTime': False}",5D4E8572-BA61-4AC7-94CD-E5FB66493559,18,-80.21308,True,NA,16,SC,South Carolina,True,16,['SITE_PROFILE_COMPLETED'],E230BB19-7204-43FC-A5C2-87DC812BE5B8,19,HopeHealth Inc - HopeHealth Manning Adult,"['Physician, MD/DO']",17,8034334321,True,18,,12 W South St,False,"['Physician, MD/DO - Psychiatry']",E230BB19-7204-43FC-A5C2-87DC812BE5B8,"Physician, MD/DO",True,Psychiatry,Job
55.0000,22,NA,NA,,0,33137,25.810927,,,,17,Miami,,"{'fullTime': True, 'partTime': False}",986BF6E9-C1A4-43DC-A1CE-6CB0C463DAD4,22,-80.190736,True,25,17,FL,,True,17,['SITE_PROFILE_COMPLETED'],0EB35366-A812-441D-A229-FACE689D6096,19,"Borinquen Health Care Center, Inc. - Main Office","['Physician, MD/DO']",25,,False,22,,3601 Federal Hwy,False,"['Physician, MD/DO - Geriatrics', 'Physician, MD/DO - Psychiatry', 'Physician, MD/DO - Family Practice', 'Physician, MD/DO - OB/GYN', 'Physician, MD/DO - Family Practice w/ OB']",0EB35366-A812-441D-A229-FACE689D6096,"Physician, MD/DO",True,Geriatrics,Job
55.0000,22,NA,22,,0,33137,25.802598,,,,17,Miami,,"{'fullTime': True, 'partTime': False}",0E87A95A-AFA9-44D8-B7B4-77DD339B3CE6,22,-80.190973,True,NA,17,FL,,True,17,['SITE_PROFILE_COMPLETED'],2A6D6795-2176-417E-B509-654F8267D74C,19,Borinquen Behavioral Health Resources Center and Specialty Care Center,"['Physician, MD/DO']",25,,True,22,,2691 NE 2nd Ave,False,"['Physician, MD/DO - Geriatrics', 'Physician, MD/DO - Psychiatry', 'Physician, MD/DO - Family Practice', 'Physician, MD/DO - OB/GYN', 'Physician, MD/DO - Family Practice w/ OB']",2A6D6795-2176-417E-B509-654F8267D74C,"Physician, MD/DO",True,Geriatrics,Job
NA,21,45.0000,21,,0,30624,34.203394,,,,21,Bowman,,"{'fullTime': True, 'partTime': False}",20C8F882-D729-40D5-A453-FE7E78C01614,21,-83.023855,True,NA,21,GA,,True,21,['SITE_PROFILE_COMPLETED'],09961946-0922-48FF-8161-E277568FF128,20,Medlink Bowman,"['Physician, MD/DO']",25,,True,21,,206 E Church St,False,"['Physician, MD/DO - Family Practice']",09961946-0922-48FF-8161-E277568FF128,"Physician, MD/DO",True,Family Practice,Job
NA,21,53.0000,21,,0,30528,34.601777,,,,21,Cleveland,,"{'fullTime': True, 'partTime': True}",BD01F048-E4F8-4D4C-A2BC-F280306AE90E,21,-83.767102,True,NA,21,GA,Georgia,True,21,['SITE_PROFILE_COMPLETED'],884308B4-CA9E-4DE1-ACCC-C24A46412B35,16,MedLink  White Family Health Center,"['Physician, MD/DO']",25,,True,21,,17 White St,False,"['Physician, MD/DO - Internal Medicine - Pediatrics', 'Physician, MD/DO - Family Practice']",884308B4-CA9E-4DE1-ACCC-C24A46412B35,"Physician, MD/DO",True,Internal Medicine - Pediatrics,Job
NA,21,53.0000,21,,0,30528,34.601777,,,,21,Cleveland,,"{'fullTime': True, 'partTime': True}",BD01F048-E4F8-4D4C-A2BC-F280306AE90E,21,-83.767102,True,NA,21,GA,Georgia,True,21,['SITE_PROFILE_COMPLETED'],3DFEB03D-C75A-464C-9D0F-AAF79F5D90BE,16,MedLink  White Family Health Center,"['Physician, MD/DO']",25,,True,21,,17 White St,False,"['Physician, MD/DO - Family Practice']",3DFEB03D-C75A-464C-9D0F-AAF79F5D90BE,"Physician, MD/DO",True,Family Practice,Job
NA,20,NA,20,,0,60202,42.019429,,,,21,Evanston,,"{'fullTime': True, 'partTime': True}",4453AF3E-C530-4042-9D2E-3087E4CB7294,20,-87.697595,True,19,21,IL,,True,21,['SITE_PROFILE_COMPLETED'],42C66EF4-3B3C-480C-AB19-E9E5D2E54CE6,18,Access-Evanston Family Health Center,"['Physician, MD/DO']",19,,True,20,,1723 Howard St,False,"['Physician, MD/DO - OB/GYN']",42C66EF4-3B3C-480C-AB19-E9E5D2E54CE6,"Physician, MD/DO",True,OB/GYN,Job
NA,20,NA,20,,0,60411,41.506032,,,,21,Chicago Heights,,"{'fullTime': True, 'partTime': True}",FEB370CD-48D2-474E-A959-520B7058E4AF,20,-87.647094,True,NA,21,IL,,True,21,['SITE_PROFILE_COMPLETED'],F265D581-DCED-4475-8B24-9CA7824D6447,19,Access - Family Health Society,"['Physician, MD/DO']",19,,True,20,,152 W Lincoln Hwy,False,"['Physician, MD/DO - OB/GYN']",F265D581-DCED-4475-8B24-9CA7824D6447,"Physician, MD/DO",True,OB/GYN,Job
